{
  "accuracy": 0.7066666666666667,
  "feature_names": [
    "性别(男性=1)",
    "船舱等级",
    "年龄",
    "票价",
    "兄弟姐妹/配偶数",
    "父母/子女数",
    "登船港口_S",
    "登船港口_C"
  ],
  "coefficients": {
    "intercept": -0.47229490330921603,
    "features": {
      "性别(男性=1)": -1.204898214224936,
      "船舱等级": -1.3105766007388875,
      "年龄": -0.2846398847189734,
      "票价": 0.44449752033160894,
      "兄弟姐妹/配偶数": 0.03949652022609186,
      "父母/子女数": 0.07872807282577958,
      "登船港口_S": -0.37099313869399325,
      "登船港口_C": -0.2842620371363123
    }
  },
  "feature_importance": {
    "性别(男性=1)": 1.204898214224936,
    "船舱等级": 1.3105766007388875,
    "年龄": 0.2846398847189734,
    "票价": 0.44449752033160894,
    "兄弟姐妹/配偶数": 0.03949652022609186,
    "父母/子女数": 0.07872807282577958,
    "登船港口_S": 0.37099313869399325,
    "登船港口_C": 0.2842620371363123
  }
}